COUNTRY,Country,SEX,YEAR,Value
LUX,Luxembourg,F,2000,
LUX,Luxembourg,F,2005,
LUX,Luxembourg,F,2006,
LUX,Luxembourg,F,2007,
LUX,Luxembourg,F,2008,
LUX,Luxembourg,F,2009,
LUX,Luxembourg,F,2010,
LUX,Luxembourg,F,2011,
LUX,Luxembourg,F,2012,
LUX,Luxembourg,F,2013,
LUX,Luxembourg,F,2014,35.167469
LUX,Luxembourg,F,2015,32.602852
LUX,Luxembourg,F,2016,33.665104
LUX,Luxembourg,F,2017,32.953224
LUX,Luxembourg,F,2018,31.285425
LUX,Luxembourg,F,2019,19.714621
LUX,Luxembourg,F,2020,20.055231
LUX,Luxembourg,F,2021,28.017912
FRA,France,F,2000,
FRA,France,F,2001,
FRA,France,F,2002,
FRA,France,F,2003,
FRA,France,F,2004,
FRA,France,F,2005,
FRA,France,F,2006,
FRA,France,F,2007,
FRA,France,F,2008,
FRA,France,F,2009,
FRA,France,F,2010,
FRA,France,F,2011,
FRA,France,F,2012,
FRA,France,F,2013,39.778656
FRA,France,F,2014,40.399578
FRA,France,F,2015,40.231209
FRA,France,F,2016,40.52177
FRA,France,F,2017,40.116131
FRA,France,F,2018,39.416222
FRA,France,F,2019,39.879951
FRA,France,F,2020,39.013515
FRA,France,F,2021,38.516998
BRA,Brazil,F,2014,0.15018289
BRA,Brazil,F,2015,0.15187512
BRA,Brazil,F,2016,0.13536917
BRA,Brazil,F,2017,0.1357681
BRA,Brazil,F,2018,0.1361421
BRA,Brazil,F,2019,0.13810334
BRA,Brazil,F,2020,0.15354134
JPN,Japan,F,2000,
JPN,Japan,F,2001,
JPN,Japan,F,2002,
JPN,Japan,F,2003,
JPN,Japan,F,2004,
JPN,Japan,F,2005,
JPN,Japan,F,2006,
JPN,Japan,F,2007,
JPN,Japan,F,2008,
JPN,Japan,F,2009,
JPN,Japan,F,2010,
JPN,Japan,F,2011,
JPN,Japan,F,2012,
JPN,Japan,F,2013,
JPN,Japan,F,2014,51.766178
JPN,Japan,F,2015,50.475887
JPN,Japan,F,2016,49.340199
JPN,Japan,F,2017,47.848591
JPN,Japan,F,2018,47.158718
JPN,Japan,F,2019,46.098122
JPN,Japan,F,2020,44.835602
JPN,Japan,F,2021,42.966667
CZE,Czechia,F,2000,
CZE,Czechia,F,2001,
CZE,Czechia,F,2002,
CZE,Czechia,F,2003,
CZE,Czechia,F,2004,
CZE,Czechia,F,2005,
CZE,Czechia,F,2006,
CZE,Czechia,F,2007,
CZE,Czechia,F,2008,
CZE,Czechia,F,2009,
CZE,Czechia,F,2010,
CZE,Czechia,F,2011,
CZE,Czechia,F,2012,
CZE,Czechia,F,2013,
CZE,Czechia,F,2014,68.810608
CZE,Czechia,F,2015,67.837448
CZE,Czechia,F,2016,67.758606
CZE,Czechia,F,2017,66.911522
CZE,Czechia,F,2018,66.496178
CZE,Czechia,F,2019,66.546837
CZE,Czechia,F,2020,65.980049
CZE,Czechia,F,2021,64.034508
BRA,Brazil,F,2000,
BRA,Brazil,F,2001,
BRA,Brazil,F,2002,
BRA,Brazil,F,2003,
BRA,Brazil,F,2004,
BRA,Brazil,F,2005,
BRA,Brazil,F,2006,
BRA,Brazil,F,2007,
BRA,Brazil,F,2008,
BRA,Brazil,F,2009,
BRA,Brazil,F,2010,
BRA,Brazil,F,2011,
BRA,Brazil,F,2012,
BRA,Brazil,F,2013,
BRA,Brazil,F,2014,33.868336
BRA,Brazil,F,2015,34.91124
BRA,Brazil,F,2016,34.874931
BRA,Brazil,F,2017,35.464264
BRA,Brazil,F,2018,35.782215
BRA,Brazil,F,2019,36.775532
BRA,Brazil,F,2020,38.185505
BRA,Brazil,F,2021,
GRC,Greece,F,2000,26.645555
GRC,Greece,F,2001,27.79158
GRC,Greece,F,2002,28.898863
GRC,Greece,F,2003,29.211292
GRC,Greece,F,2004,29.103077
GRC,Greece,F,2005,29.523567
GRC,Greece,F,2006,29.788372
GRC,Greece,F,2007,30.426985
GRC,Greece,F,2008,30.482553
GRC,Greece,F,2009,30.113546
GRC,Greece,F,2010,30.402746
GRC,Greece,F,2011,31.079428
GRC,Greece,F,2012,31.537148
GRC,Greece,F,2013,32.128002
GRC,Greece,F,2014,32.003796
GRC,Greece,F,2015,32.455326
GRC,Greece,F,2016,31.470535
GRC,Greece,F,2017,31.206846
GRC,Greece,F,2018,30.865625
GRC,Greece,F,2019,31.76963
GRC,Greece,F,2020,32.468609
GRC,Greece,F,2021,32.803596
FIN,Finland,F,2014,0.23845166
FIN,Finland,F,2015,0.42308947
FIN,Finland,F,2016,0.26457021
FIN,Finland,F,2017,0.26921284
FIN,Finland,F,2018,0.27229306
FIN,Finland,F,2019,0.27712202
FIN,Finland,F,2020,0.28168568
FIN,Finland,F,2021,0.3077414
ARG,Argentina,F,2010,0.19745255
ARG,Argentina,F,2011,0.20008576
ARG,Argentina,F,2012,0.20415574
ARG,Argentina,F,2013,0.20479299
ARG,Argentina,F,2014,0.19595149
ARG,Argentina,F,2017,0.20054512
ARG,Argentina,F,2018,0.20310611
ARG,Argentina,F,2019,0.20105931
ARG,Argentina,F,2020,0.23046063
ARG,Argentina,F,2021,0.21933389
CRI,Costa Rica,F,2000,0.36638197
CRI,Costa Rica,F,2001,0.35460305
CRI,Costa Rica,F,2002,0.35639313
CRI,Costa Rica,F,2003,0.35921299
CRI,Costa Rica,F,2004,0.35326308
CRI,Costa Rica,F,2005,0.34552449
CRI,Costa Rica,F,2006,0.34160063
CRI,Costa Rica,F,2007,0.34351352
CRI,Costa Rica,F,2008,0.34633735
CRI,Costa Rica,F,2009,0.33113518
CRI,Costa Rica,F,2010,0.46046588
CRI,Costa Rica,F,2011,0.45860448
CRI,Costa Rica,F,2012,0.44787323
CRI,Costa Rica,F,2013,0.45920882
CRI,Costa Rica,F,2014,0.45491058
CRI,Costa Rica,F,2015,0.44187734
CRI,Costa Rica,F,2016,0.45131576
CRI,Costa Rica,F,2017,0.45221958
CRI,Costa Rica,F,2018,0.45291662
CRI,Costa Rica,F,2019,0.46455789
CRI,Costa Rica,F,2020,0.49196425
CRI,Costa Rica,F,2021,0.48136464
IND,India,F,2018,0.06999944
IND,India,F,2019,0.07451167
IND,India,F,2020,0.07629976
NOR,Norway,F,2005,
NOR,Norway,F,2006,
NOR,Norway,F,2007,
NOR,Norway,F,2008,
NOR,Norway,F,2009,
NOR,Norway,F,2010,
NOR,Norway,F,2011,
NOR,Norway,F,2012,
NOR,Norway,F,2013,
NOR,Norway,F,2014,34.38921
NOR,Norway,F,2015,33.633228
NOR,Norway,F,2016,33.040894
NOR,Norway,F,2017,32.984215
NOR,Norway,F,2018,32.944344
NOR,Norway,F,2019,31.88167
NOR,Norway,F,2020,30.125303
NOR,Norway,F,2021,28.330809
AUS,Australia,F,2015,0.36513373
AUS,Australia,F,2016,0.36581448
AUS,Australia,F,2017,0.35637885
AUS,Australia,F,2018,0.35489711
AUS,Australia,F,2019,0.37353224
AUS,Australia,F,2020,0.37398723
AUS,Australia,F,2021,0.3608349
ESP,Spain,F,2000,
ESP,Spain,F,2001,
ESP,Spain,F,2002,
ESP,Spain,F,2003,
ESP,Spain,F,2004,
ESP,Spain,F,2005,
ESP,Spain,F,2006,
ESP,Spain,F,2007,
ESP,Spain,F,2008,
ESP,Spain,F,2009,
ESP,Spain,F,2010,
ESP,Spain,F,2011,
ESP,Spain,F,2012,
ESP,Spain,F,2013,
ESP,Spain,F,2014,21.827023
ESP,Spain,F,2015,22.010029
ESP,Spain,F,2016,22.42453
ESP,Spain,F,2017,22.69178
ESP,Spain,F,2018,23.060408
ESP,Spain,F,2019,22.858351
ESP,Spain,F,2020,23.126316
ESP,Spain,F,2021,23.107355
LVA,Latvia,F,2000,0.46505976
LVA,Latvia,F,2001,0.47692522
LVA,Latvia,F,2002,0.57654852
LVA,Latvia,F,2003,0.57388753
LVA,Latvia,F,2004,0.57282645
LVA,Latvia,F,2005,0.60529357
LVA,Latvia,F,2006,0.65912002
LVA,Latvia,F,2007,0.47219342
LVA,Latvia,F,2008,0.47301912
LVA,Latvia,F,2009,0.46068606
LVA,Latvia,F,2010,0.4777962
LVA,Latvia,F,2011,0.49281687
LVA,Latvia,F,2012,0.50551265
LVA,Latvia,F,2013,0.47769985
LVA,Latvia,F,2014,0.45771566
LVA,Latvia,F,2015,0.46519065
LVA,Latvia,F,2016,0.46334615
LVA,Latvia,F,2017,0.4525305
LVA,Latvia,F,2018,0.45948011
LVA,Latvia,F,2019,0.4580684
LVA,Latvia,F,2020,0.44994619
LVA,Latvia,F,2021,0.43356684
CHL,Chile,F,2000,
CHL,Chile,F,2001,
CHL,Chile,F,2002,
CHL,Chile,F,2003,
CHL,Chile,F,2004,
CHL,Chile,F,2005,
CHL,Chile,F,2006,
CHL,Chile,F,2009,38.55164
CHL,Chile,F,2011,39.438148
CHL,Chile,F,2013,40.045582
CHL,Chile,F,2015,42.188766
CHL,Chile,F,2017,41.918842
CHL,Chile,F,2020,40.37347
MEX,Mexico,F,2000,
MEX,Mexico,F,2001,
MEX,Mexico,F,2002,
MEX,Mexico,F,2003,
MEX,Mexico,F,2004,
MEX,Mexico,F,2005,16.169294
MEX,Mexico,F,2006,16.430241
MEX,Mexico,F,2007,16.69047
MEX,Mexico,F,2008,16.870163
MEX,Mexico,F,2009,17.58902
MEX,Mexico,F,2010,18.06399
MEX,Mexico,F,2011,18.63604
MEX,Mexico,F,2012,18.84193
MEX,Mexico,F,2013,18.896265
MEX,Mexico,F,2014,19.406786
MEX,Mexico,F,2015,19.647142
MEX,Mexico,F,2016,20.063717
MEX,Mexico,F,2017,20.545109
MEX,Mexico,F,2018,21.376276
MEX,Mexico,F,2019,21.537306
MEX,Mexico,F,2020,22.228416
MEX,Mexico,F,2021,22.342749
ZAF,South Africa,F,2010,0.16724502
ZAF,South Africa,F,2011,0.17008494
ZAF,South Africa,F,2012,0.16230001
ZAF,South Africa,F,2013,0.15284914
ZAF,South Africa,F,2014,0.15619166
ZAF,South Africa,F,2016,0.1723626
ZAF,South Africa,F,2017,0.17291398
ZAF,South Africa,F,2018,0.17413108
ZAF,South Africa,F,2019,0.17564228
ZAF,South Africa,F,2020,0.20166939
DNK,Denmark,F,2000,
DNK,Denmark,F,2001,
DNK,Denmark,F,2002,
DNK,Denmark,F,2003,
DNK,Denmark,F,2004,
DNK,Denmark,F,2005,
DNK,Denmark,F,2006,
DNK,Denmark,F,2007,
DNK,Denmark,F,2008,40.839886
DNK,Denmark,F,2009,39.715347
DNK,Denmark,F,2010,40.016945
DNK,Denmark,F,2011,40.352406
DNK,Denmark,F,2012,39.773724
DNK,Denmark,F,2013,39.950119
DNK,Denmark,F,2014,39.655815
DNK,Denmark,F,2015,38.577209
DNK,Denmark,F,2016,38.763428
DNK,Denmark,F,2017,38.006165
DNK,Denmark,F,2018,37.739651
DNK,Denmark,F,2019,37.285397
DNK,Denmark,F,2020,38.423077
DNK,Denmark,F,2021,35.896301
USA,United States,F,2000,51.639755
USA,United States,F,2001,50.42971
USA,United States,F,2002,49.833706
USA,United States,F,2003,49.599659
USA,United States,F,2004,49.155849
USA,United States,F,2005,48.45961
USA,United States,F,2006,48.138744
USA,United States,F,2007,47.345131
USA,United States,F,2008,47.005756
USA,United States,F,2009,46.254631
USA,United States,F,2010,45.97514
USA,United States,F,2011,45.557011
USA,United States,F,2012,44.985603
USA,United States,F,2013,44.230789
USA,United States,F,2014,43.669308
USA,United States,F,2015,42.963097
USA,United States,F,2016,42.420189
USA,United States,F,2017,41.886772
USA,United States,F,2018,41.114902
USA,United States,F,2019,40.081177
USA,United States,F,2020,39.038227
USA,United States,F,2021,38.202488
ITA,Italy,F,2000,
ITA,Italy,F,2001,
ITA,Italy,F,2002,
ITA,Italy,F,2003,
ITA,Italy,F,2004,
ITA,Italy,F,2005,
ITA,Italy,F,2006,
ITA,Italy,F,2007,
ITA,Italy,F,2008,
ITA,Italy,F,2009,
ITA,Italy,F,2010,
ITA,Italy,F,2011,
ITA,Italy,F,2012,
ITA,Italy,F,2013,
ITA,Italy,F,2014,41.100708
ITA,Italy,F,2015,40.97998
ITA,Italy,F,2016,40.987343
ITA,Italy,F,2017,40.444767
ITA,Italy,F,2018,40.701385
ITA,Italy,F,2019,41.112808
ITA,Italy,F,2020,41.090862
ITA,Italy,F,2021,40.166206
POL,Poland,F,2000,
POL,Poland,F,2001,
POL,Poland,F,2002,
POL,Poland,F,2003,
POL,Poland,F,2004,
POL,Poland,F,2005,
POL,Poland,F,2006,
POL,Poland,F,2007,
POL,Poland,F,2008,
POL,Poland,F,2009,
POL,Poland,F,2010,
POL,Poland,F,2011,
POL,Poland,F,2012,
POL,Poland,F,2013,
POL,Poland,F,2014,54.100067
POL,Poland,F,2015,53.357361
POL,Poland,F,2016,52.655888
POL,Poland,F,2017,52.018242
POL,Poland,F,2018,51.463367
POL,Poland,F,2019,50.794125
POL,Poland,F,2020,50.039478
POL,Poland,F,2021,49.423046
CHL,Chile,F,2009,0.19540884
CHL,Chile,F,2011,0.21435182
CHL,Chile,F,2013,0.20410791
CHL,Chile,F,2015,0.18506005
CHL,Chile,F,2017,0.20375951
CHL,Chile,F,2020,0.21250421
EST,Estonia,F,2000,0.67073959
EST,Estonia,F,2001,0.64710087
EST,Estonia,F,2002,0.66240376
EST,Estonia,F,2003,0.6719172
EST,Estonia,F,2004,0.69296932
EST,Estonia,F,2005,0.69854403
EST,Estonia,F,2006,0.66241091
EST,Estonia,F,2007,0.62120575
EST,Estonia,F,2008,0.63129598
EST,Estonia,F,2009,0.6658597
EST,Estonia,F,2010,0.66459882
EST,Estonia,F,2011,0.63606036
EST,Estonia,F,2012,0.59077001
EST,Estonia,F,2013,0.59232384
EST,Estonia,F,2014,0.57118845
EST,Estonia,F,2015,0.56798279
EST,Estonia,F,2016,0.56882071
EST,Estonia,F,2017,0.52466464
EST,Estonia,F,2018,0.50445294
EST,Estonia,F,2019,0.50136691
EST,Estonia,F,2020,0.49507809
EST,Estonia,F,2021,0.51508087
CZE,Czechia,F,2014,0.18840858
CZE,Czechia,F,2015,0.1926813
CZE,Czechia,F,2016,0.19430374
CZE,Czechia,F,2017,0.19730568
CZE,Czechia,F,2018,0.20166685
CZE,Czechia,F,2019,0.20467047
CZE,Czechia,F,2020,0.21106388
CZE,Czechia,F,2021,0.21368144
DEU,Germany,F,2000,
DEU,Germany,F,2001,
DEU,Germany,F,2002,
DEU,Germany,F,2003,
DEU,Germany,F,2004,
DEU,Germany,F,2005,
DEU,Germany,F,2006,
DEU,Germany,F,2007,
DEU,Germany,F,2008,
DEU,Germany,F,2009,
DEU,Germany,F,2010,
DEU,Germany,F,2011,
DEU,Germany,F,2012,
DEU,Germany,F,2013,
DEU,Germany,F,2014,47.974312
DEU,Germany,F,2015,46.474262
DEU,Germany,F,2016,44.96484
DEU,Germany,F,2017,44.657845
DEU,Germany,F,2018,43.896362
DEU,Germany,F,2019,42.503479
DEU,Germany,F,2020,40.15115
DEU,Germany,F,2021,39.359158
NZL,New Zealand,F,2000,
NZL,New Zealand,F,2001,
NZL,New Zealand,F,2002,
NZL,New Zealand,F,2003,
NZL,New Zealand,F,2004,
NZL,New Zealand,F,2005,
NZL,New Zealand,F,2006,
NZL,New Zealand,F,2007,
NZL,New Zealand,F,2008,
NZL,New Zealand,F,2009,
NZL,New Zealand,F,2010,
NZL,New Zealand,F,2011,
NZL,New Zealand,F,2012,
NZL,New Zealand,F,2013,
NZL,New Zealand,F,2014,24.906874
NZL,New Zealand,F,2015,28.569052
NZL,New Zealand,F,2016,28.674957
NZL,New Zealand,F,2017,29.780033
NZL,New Zealand,F,2018,29.41733
NZL,New Zealand,F,2019,29.826616
NZL,New Zealand,F,2020,28.33773
NZL,New Zealand,F,2021,27.343809
SVK,Slovak Republic,F,2000,
SVK,Slovak Republic,F,2001,
SVK,Slovak Republic,F,2002,
SVK,Slovak Republic,F,2003,
SVK,Slovak Republic,F,2004,
SVK,Slovak Republic,F,2005,
SVK,Slovak Republic,F,2006,
SVK,Slovak Republic,F,2007,
SVK,Slovak Republic,F,2008,
SVK,Slovak Republic,F,2009,
SVK,Slovak Republic,F,2010,
SVK,Slovak Republic,F,2011,
SVK,Slovak Republic,F,2012,
SVK,Slovak Republic,F,2013,
SVK,Slovak Republic,F,2014,65.349541
SVK,Slovak Republic,F,2015,64.279373
SVK,Slovak Republic,F,2016,63.319424
SVK,Slovak Republic,F,2017,61.201878
SVK,Slovak Republic,F,2018,59.967155
SVK,Slovak Republic,F,2019,57.931381
SVK,Slovak Republic,F,2020,58.102821
SVK,Slovak Republic,F,2021,56.847076
SVN,Slovenia,F,2015,0.37719643
SVN,Slovenia,F,2018,0.37203521
SVN,Slovenia,F,2020,0.38679132
SVN,Slovenia,F,2021,0.3499293
ISL,Iceland,F,2000,
ISL,Iceland,F,2001,
ISL,Iceland,F,2002,
ISL,Iceland,F,2003,26.503689
ISL,Iceland,F,2004,26.741842
ISL,Iceland,F,2005,27.394617
ISL,Iceland,F,2006,27.485388
ISL,Iceland,F,2007,28.953815
ISL,Iceland,F,2008,28.448978
ISL,Iceland,F,2009,28.449209
ISL,Iceland,F,2010,27.45661
ISL,Iceland,F,2011,25.606277
ISL,Iceland,F,2012,24.635443
ISL,Iceland,F,2013,24.856659
ISL,Iceland,F,2014,25.536911
ISL,Iceland,F,2015,25.92061
ISL,Iceland,F,2016,27.717505
ISL,Iceland,F,2017,24.832811
ISL,Iceland,F,2018,24.900108
ISL,Iceland,F,2019,25.504953
ISL,Iceland,F,2020,26.755301
ISL,Iceland,F,2021,26.1392
LTU,Lithuania,F,2015,0.33051518
LTU,Lithuania,F,2016,0.33030522
LTU,Lithuania,F,2017,0.32103088
LTU,Lithuania,F,2018,0.31693679
LTU,Lithuania,F,2019,0.32171369
LTU,Lithuania,F,2020,0.3399224
LTU,Lithuania,F,2021,0.33971468
TUR,Türkiye,F,2000,
TUR,Türkiye,F,2001,
TUR,Türkiye,F,2002,
TUR,Türkiye,F,2003,
TUR,Türkiye,F,2004,
TUR,Türkiye,F,2005,
TUR,Türkiye,F,2006,
TUR,Türkiye,F,2007,
TUR,Türkiye,F,2008,
TUR,Türkiye,F,2009,
TUR,Türkiye,F,2010,
TUR,Türkiye,F,2011,
TUR,Türkiye,F,2012,
TUR,Türkiye,F,2013,
TUR,Türkiye,F,2014,15.911946
TUR,Türkiye,F,2015,15.93889
TUR,Türkiye,F,2016,16.125542
TUR,Türkiye,F,2017,16.349726
TUR,Türkiye,F,2018,16.450544
TUR,Türkiye,F,2019,16.987946
TUR,Türkiye,F,2021,17.491228
HUN,Hungary,F,2014,0.18864703
HUN,Hungary,F,2015,0.19297796
HUN,Hungary,F,2016,0.19838248
HUN,Hungary,F,2017,0.20298676
HUN,Hungary,F,2018,0.20980231
HUN,Hungary,F,2019,0.21600339
HUN,Hungary,F,2020,0.22018169
HUN,Hungary,F,2021,0.20685297
COL,Colombia,F,2010,0.09437821
COL,Colombia,F,2011,0.0942893
COL,Colombia,F,2012,0.09556565
COL,Colombia,F,2013,0.09653205
COL,Colombia,F,2014,0.09483016
COL,Colombia,F,2015,0.09555276
COL,Colombia,F,2016,0.09713627
COL,Colombia,F,2017,0.09874067
COL,Colombia,F,2018,0.09923482
COL,Colombia,F,2019,0.10029681
COL,Colombia,F,2020,0.11265401
COL,Colombia,F,2021,0.09278543
ISR,Israel,F,2000,
ISR,Israel,F,2001,
ISR,Israel,F,2002,
ISR,Israel,F,2003,
ISR,Israel,F,2005,34.649605
ISR,Israel,F,2007,
ISR,Israel,F,2008,
ISR,Israel,F,2009,
ISR,Israel,F,2010,34.017166
ISR,Israel,F,2011,
ISR,Israel,F,2012,
ISR,Israel,F,2013,
ISR,Israel,F,2014,33.240799
ISR,Israel,F,2015,33.39616
ISR,Israel,F,2016,33.105724
ISR,Israel,F,2017,32.646366
ISR,Israel,F,2018,32.433453
ISR,Israel,F,2019,32.622246
ISR,Israel,F,2020,33.885052
ISR,Israel,F,2021,33.938992
ISR,Israel,F,2016,0.16659564
ISR,Israel,F,2017,0.16743055
ISR,Israel,F,2018,0.14396781
ISR,Israel,F,2019,0.14549831
ISR,Israel,F,2020,0.14983551
ISR,Israel,F,2021,0.15100457
IDN,Indonesia,F,2010,0.06638742
IDN,Indonesia,F,2011,0.08223768
IDN,Indonesia,F,2012,0.08335886
IDN,Indonesia,F,2013,0.08515048
IDN,Indonesia,F,2014,0.0856445
IDN,Indonesia,F,2016,0.13494505
IDN,Indonesia,F,2017,0.08499842
IDN,Indonesia,F,2018,0.08741023
IDN,Indonesia,F,2019,0.07175636
IDN,Indonesia,F,2020,0.07246128
IDN,Indonesia,F,2021,0.0741661
MEX,Mexico,F,2005,0.11747754
MEX,Mexico,F,2006,0.1171686
MEX,Mexico,F,2007,0.11802942
MEX,Mexico,F,2008,0.11919743
MEX,Mexico,F,2009,0.12181135
MEX,Mexico,F,2010,0.12290199
MEX,Mexico,F,2011,0.12475859
MEX,Mexico,F,2012,0.12510787
MEX,Mexico,F,2013,0.12523095
MEX,Mexico,F,2014,0.1245949
MEX,Mexico,F,2015,0.12511696
MEX,Mexico,F,2016,0.12684111
MEX,Mexico,F,2017,0.12780829
MEX,Mexico,F,2018,0.12940826
MEX,Mexico,F,2019,0.12721111
MEX,Mexico,F,2020,0.13598995
MEX,Mexico,F,2021,0.12836044
USA,United States,F,2000,0.2644783
USA,United States,F,2001,0.20842336
USA,United States,F,2002,0.20813173
USA,United States,F,2003,0.20823991
USA,United States,F,2004,0.20933101
USA,United States,F,2005,0.21061736
USA,United States,F,2006,0.21149553
USA,United States,F,2007,0.21190061
USA,United States,F,2008,0.2118153
USA,United States,F,2009,0.21047519
USA,United States,F,2010,0.2097525
USA,United States,F,2011,0.21133007
USA,United States,F,2012,0.21275343
USA,United States,F,2013,0.21264066
USA,United States,F,2014,0.25606629
USA,United States,F,2015,0.21414141
USA,United States,F,2016,0.22146806
USA,United States,F,2017,0.22100616
USA,United States,F,2018,0.22462294
USA,United States,F,2019,0.22373572
USA,United States,F,2020,0.23873121
USA,United States,F,2021,0.23420991
CHE,Switzerland,F,2014,0.23515709
CHE,Switzerland,F,2015,0.2376494
CHE,Switzerland,F,2016,0.24479133
CHE,Switzerland,F,2017,0.2441029
CHE,Switzerland,F,2018,0.24350961
CHE,Switzerland,F,2019,0.24613233
CHE,Switzerland,F,2020,0.24255091
CHE,Switzerland,F,2021,0.23531592
CRI,Costa Rica,F,2000,13.506901
CRI,Costa Rica,F,2001,13.248049
CRI,Costa Rica,F,2002,14.320527
CRI,Costa Rica,F,2003,14.676844
CRI,Costa Rica,F,2004,14.443259
CRI,Costa Rica,F,2005,13.831535
CRI,Costa Rica,F,2006,14.222974
CRI,Costa Rica,F,2007,15.033825
CRI,Costa Rica,F,2008,15.76145
CRI,Costa Rica,F,2009,15.089631
CRI,Costa Rica,F,2010,16.227568
CRI,Costa Rica,F,2011,16.372974
CRI,Costa Rica,F,2012,15.045205
CRI,Costa Rica,F,2013,16.228661
CRI,Costa Rica,F,2014,16.778805
CRI,Costa Rica,F,2015,15.505307
CRI,Costa Rica,F,2016,16.568197
CRI,Costa Rica,F,2017,17.077805
CRI,Costa Rica,F,2018,16.804155
CRI,Costa Rica,F,2019,18.121723
CRI,Costa Rica,F,2020,17.80979
CRI,Costa Rica,F,2021,18.084366
LUX,Luxembourg,F,2014,0.74993765
LUX,Luxembourg,F,2015,0.50023788
LUX,Luxembourg,F,2016,0.62880164
LUX,Luxembourg,F,2017,0.56693482
LUX,Luxembourg,F,2018,0.36500391
LUX,Luxembourg,F,2019,0.76692975
LUX,Luxembourg,F,2020,0.75671065
LUX,Luxembourg,F,2021,0.78366154
NOR,Norway,F,2014,0.2924898
NOR,Norway,F,2015,0.29284596
NOR,Norway,F,2016,0.28644323
NOR,Norway,F,2017,0.27957731
NOR,Norway,F,2018,0.27745813
NOR,Norway,F,2019,0.27790403
NOR,Norway,F,2020,0.27156153
NOR,Norway,F,2021,0.28079557
NZL,New Zealand,F,2016,0.4568117
NZL,New Zealand,F,2017,0.46601757
NZL,New Zealand,F,2018,0.45957017
NZL,New Zealand,F,2019,0.44465405
NZL,New Zealand,F,2020,0.4389632
NZL,New Zealand,F,2021,0.2206175
PRT,Portugal,F,2014,0.18785086
PRT,Portugal,F,2015,0.18794923
PRT,Portugal,F,2016,0.19340117
PRT,Portugal,F,2017,0.20098718
PRT,Portugal,F,2018,0.20708121
PRT,Portugal,F,2019,0.21664862
PRT,Portugal,F,2020,0.2409427
PRT,Portugal,F,2021,0.23747894
AUT,Austria,F,2014,0.22303925
AUT,Austria,F,2015,0.22543214
AUT,Austria,F,2016,0.22251807
AUT,Austria,F,2017,0.22049037
AUT,Austria,F,2018,0.22289394
AUT,Austria,F,2019,0.22213535
AUT,Austria,F,2020,0.22227933
AUT,Austria,F,2021,0.2240538
IND,India,F,2000,
IND,India,F,2001,
IND,India,F,2002,
IND,India,F,2003,
IND,India,F,2004,
IND,India,F,2005,
IND,India,F,2006,
IND,India,F,2007,
IND,India,F,2008,
IND,India,F,2009,
IND,India,F,2010,
IND,India,F,2011,13.372279
IND,India,F,2012,9.8712168
IND,India,F,2013,
IND,India,F,2014,
IND,India,F,2015,
IND,India,F,2018,5.6340342
IND,India,F,2019,6.2998686
IND,India,F,2020,6.6550035
NLD,Netherlands,F,2000,
NLD,Netherlands,F,2001,
NLD,Netherlands,F,2002,
NLD,Netherlands,F,2003,
NLD,Netherlands,F,2004,
NLD,Netherlands,F,2005,
NLD,Netherlands,F,2006,
NLD,Netherlands,F,2007,
NLD,Netherlands,F,2008,
NLD,Netherlands,F,2009,
NLD,Netherlands,F,2010,
NLD,Netherlands,F,2011,
NLD,Netherlands,F,2012,
NLD,Netherlands,F,2013,41.620945
NLD,Netherlands,F,2014,40.198792
NLD,Netherlands,F,2015,40.059151
NLD,Netherlands,F,2016,39.781372
NLD,Netherlands,F,2017,39.458221
NLD,Netherlands,F,2018,38.404583
NLD,Netherlands,F,2019,38.326149
NLD,Netherlands,F,2020,37.753838
NLD,Netherlands,F,2021,36.897659
ITA,Italy,F,2014,0.12305875
ITA,Italy,F,2015,0.12405469
ITA,Italy,F,2016,0.12578593
ITA,Italy,F,2017,0.1259678
ITA,Italy,F,2018,0.12660067
ITA,Italy,F,2019,0.12797368
ITA,Italy,F,2020,0.13206461
ITA,Italy,F,2021,0.1343718
SVK,Slovak Republic,F,2014,0.57104576
SVK,Slovak Republic,F,2015,0.58748227
SVK,Slovak Republic,F,2016,0.5931173
SVK,Slovak Republic,F,2017,0.61695904
SVK,Slovak Republic,F,2018,0.6242224
SVK,Slovak Republic,F,2019,0.63729769
SVK,Slovak Republic,F,2020,0.65184164
SVK,Slovak Republic,F,2021,0.67127448
CHN,China (People's Republic of),F,2000,
CHN,China (People's Republic of),F,2001,
CHN,China (People's Republic of),F,2002,
CHN,China (People's Republic of),F,2003,
CHN,China (People's Republic of),F,2004,
CHN,China (People's Republic of),F,2005,
CHN,China (People's Republic of),F,2006,
CHN,China (People's Republic of),F,2007,
CHN,China (People's Republic of),F,2008,
CHN,China (People's Republic of),F,2009,
CHN,China (People's Republic of),F,2010,12.94171
CHN,China (People's Republic of),F,2011,
CHN,China (People's Republic of),F,2012,
CHN,China (People's Republic of),F,2013,
CHN,China (People's Republic of),F,2014,
CHN,China (People's Republic of),F,2015,
CHN,China (People's Republic of),F,2020,16.261459
CAN,Canada,F,2000,29.841347
CAN,Canada,F,2001,29.175627
CAN,Canada,F,2002,28.988922
CAN,Canada,F,2003,28.934187
CAN,Canada,F,2004,28.326624
CAN,Canada,F,2005,27.628889
CAN,Canada,F,2006,26.98395
CAN,Canada,F,2007,26.777594
CAN,Canada,F,2008,26.705418
CAN,Canada,F,2009,26.668835
CAN,Canada,F,2010,25.980288
CAN,Canada,F,2011,25.493317
CAN,Canada,F,2012,24.541817
CAN,Canada,F,2013,24.529486
CAN,Canada,F,2014,24.699295
CAN,Canada,F,2015,23.44409
CAN,Canada,F,2016,22.668842
CAN,Canada,F,2017,22.601215
CAN,Canada,F,2018,21.949995
CAN,Canada,F,2019,20.985565
CAN,Canada,F,2020,20.544407
CAN,Canada,F,2021,19.748316
FRA,France,F,2013,0.13835236
FRA,France,F,2014,0.14120606
FRA,France,F,2015,0.13293788
FRA,France,F,2016,0.13277562
FRA,France,F,2017,0.13477267
FRA,France,F,2018,0.13494743
FRA,France,F,2019,0.1370004
FRA,France,F,2020,0.15613391
FRA,France,F,2021,0.15136278
PRT,Portugal,F,2000,
PRT,Portugal,F,2001,
PRT,Portugal,F,2002,
PRT,Portugal,F,2003,
PRT,Portugal,F,2004,
PRT,Portugal,F,2005,
PRT,Portugal,F,2006,
PRT,Portugal,F,2007,
PRT,Portugal,F,2008,
PRT,Portugal,F,2009,
PRT,Portugal,F,2010,
PRT,Portugal,F,2011,
PRT,Portugal,F,2012,
PRT,Portugal,F,2013,
PRT,Portugal,F,2014,20.998652
PRT,Portugal,F,2015,20.99085
PRT,Portugal,F,2016,21.778833
PRT,Portugal,F,2017,23.126616
PRT,Portugal,F,2018,23.864527
PRT,Portugal,F,2019,24.93018
PRT,Portugal,F,2020,25.302715
PRT,Portugal,F,2021,26.074438
EST,Estonia,F,2000,52.408531
EST,Estonia,F,2001,52.446922
EST,Estonia,F,2002,53.220188
EST,Estonia,F,2003,53.826576
EST,Estonia,F,2004,52.865025
EST,Estonia,F,2005,51.757652
EST,Estonia,F,2006,51.932323
EST,Estonia,F,2007,51.1488
EST,Estonia,F,2008,48.456123
EST,Estonia,F,2009,46.195736
EST,Estonia,F,2010,48.113487
EST,Estonia,F,2011,46.438175
EST,Estonia,F,2012,46.599342
EST,Estonia,F,2013,47.311459
EST,Estonia,F,2014,36.223957
EST,Estonia,F,2015,34.051628
EST,Estonia,F,2016,34.250618
EST,Estonia,F,2017,33.219799
EST,Estonia,F,2018,31.252029
EST,Estonia,F,2019,30.105478
EST,Estonia,F,2020,30.409527
EST,Estonia,F,2021,30.057655
GBR,United Kingdom,F,2000,
GBR,United Kingdom,F,2001,
GBR,United Kingdom,F,2002,
GBR,United Kingdom,F,2003,
GBR,United Kingdom,F,2004,
GBR,United Kingdom,F,2005,
GBR,United Kingdom,F,2006,
GBR,United Kingdom,F,2007,
GBR,United Kingdom,F,2008,
GBR,United Kingdom,F,2009,
GBR,United Kingdom,F,2010,
GBR,United Kingdom,F,2011,
GBR,United Kingdom,F,2012,
GBR,United Kingdom,F,2013,
GBR,United Kingdom,F,2014,16.598555
GBR,United Kingdom,F,2015,16.323689
GBR,United Kingdom,F,2016,16.733931
GBR,United Kingdom,F,2017,17.089312
GBR,United Kingdom,F,2018,18.208782
GBR,United Kingdom,F,2019,17.920443
GBR,United Kingdom,F,2020,17.728544
GBR,United Kingdom,F,2021,17.943171
SWE,Sweden,F,2000,
SWE,Sweden,F,2001,
SWE,Sweden,F,2002,
SWE,Sweden,F,2003,
SWE,Sweden,F,2004,
SWE,Sweden,F,2005,
SWE,Sweden,F,2006,
SWE,Sweden,F,2007,
SWE,Sweden,F,2008,
SWE,Sweden,F,2009,
SWE,Sweden,F,2010,
SWE,Sweden,F,2011,
SWE,Sweden,F,2012,
SWE,Sweden,F,2013,
SWE,Sweden,F,2014,31.598911
SWE,Sweden,F,2015,30.380472
SWE,Sweden,F,2016,29.478321
SWE,Sweden,F,2017,28.83522
SWE,Sweden,F,2018,27.850094
SWE,Sweden,F,2019,27.332832
SWE,Sweden,F,2020,26.093655
SWE,Sweden,F,2021,24.889111
FIN,Finland,F,2000,
FIN,Finland,F,2003,
FIN,Finland,F,2004,
FIN,Finland,F,2005,
FIN,Finland,F,2006,
FIN,Finland,F,2007,
FIN,Finland,F,2008,
FIN,Finland,F,2009,
FIN,Finland,F,2010,
FIN,Finland,F,2011,
FIN,Finland,F,2012,
FIN,Finland,F,2013,
FIN,Finland,F,2014,39.826565
FIN,Finland,F,2015,39.818451
FIN,Finland,F,2016,38.695652
FIN,Finland,F,2017,38.147339
FIN,Finland,F,2018,37.646198
FIN,Finland,F,2019,37.798698
FIN,Finland,F,2020,36.139332
FIN,Finland,F,2021,40.014629
ESP,Spain,F,2014,0.09534249
ESP,Spain,F,2015,0.09711459
ESP,Spain,F,2016,0.09903026
ESP,Spain,F,2017,0.09989133
ESP,Spain,F,2018,0.09977611
ESP,Spain,F,2019,0.09895171
ESP,Spain,F,2020,0.10381607
ESP,Spain,F,2021,0.1092338
POL,Poland,F,2019,0.19459724
POL,Poland,F,2020,0.18500251
POL,Poland,F,2021,0.18648595
ISL,Iceland,F,2003,0.66483581
ISL,Iceland,F,2004,0.6650753
ISL,Iceland,F,2005,0.66795468
ISL,Iceland,F,2006,0.66566235
ISL,Iceland,F,2007,0.67814696
ISL,Iceland,F,2008,0.68524629
ISL,Iceland,F,2009,0.67459458
ISL,Iceland,F,2010,0.66047204
ISL,Iceland,F,2011,0.64654964
ISL,Iceland,F,2012,0.64275759
ISL,Iceland,F,2013,0.66060936
ISL,Iceland,F,2014,0.66913474
ISL,Iceland,F,2015,0.66554397
ISL,Iceland,F,2016,0.69448102
ISL,Iceland,F,2017,0.6969344
ISL,Iceland,F,2018,0.63184685
ISL,Iceland,F,2019,0.65269238
ISL,Iceland,F,2020,0.65100467
ISL,Iceland,F,2021,0.65860397
LTU,Lithuania,F,2000,
LTU,Lithuania,F,2001,
LTU,Lithuania,F,2002,
LTU,Lithuania,F,2003,
LTU,Lithuania,F,2004,
LTU,Lithuania,F,2005,
LTU,Lithuania,F,2006,
LTU,Lithuania,F,2007,
LTU,Lithuania,F,2008,
LTU,Lithuania,F,2009,
LTU,Lithuania,F,2010,
LTU,Lithuania,F,2011,
LTU,Lithuania,F,2012,
LTU,Lithuania,F,2013,
LTU,Lithuania,F,2014,28.087637
LTU,Lithuania,F,2015,27.167332
LTU,Lithuania,F,2016,27.148146
LTU,Lithuania,F,2017,27.273554
LTU,Lithuania,F,2018,26.705101
LTU,Lithuania,F,2019,26.180883
LTU,Lithuania,F,2020,25.5819
LTU,Lithuania,F,2021,24.030951
DEU,Germany,F,2014,0.11624901
DEU,Germany,F,2015,0.1154938
DEU,Germany,F,2016,0.11087446
DEU,Germany,F,2017,0.10935039
DEU,Germany,F,2018,0.10983814
DEU,Germany,F,2019,0.10938676
DEU,Germany,F,2020,0.11826576
DEU,Germany,F,2021,0.10140045
DNK,Denmark,F,2008,0.27088645
DNK,Denmark,F,2009,0.27224156
DNK,Denmark,F,2010,0.28716898
DNK,Denmark,F,2011,0.29545352
DNK,Denmark,F,2012,0.29613554
DNK,Denmark,F,2013,0.29906213
DNK,Denmark,F,2015,0.29533663
DNK,Denmark,F,2016,0.30743262
DNK,Denmark,F,2017,0.30432856
DNK,Denmark,F,2018,0.29766387
DNK,Denmark,F,2019,0.30050668
DNK,Denmark,F,2020,0.30745009
DNK,Denmark,F,2021,0.31691614
NLD,Netherlands,F,2013,0.13793638
NLD,Netherlands,F,2014,0.1389458
NLD,Netherlands,F,2015,0.14122856
NLD,Netherlands,F,2016,0.14186321
NLD,Netherlands,F,2017,0.14525622
NLD,Netherlands,F,2018,0.13728063
NLD,Netherlands,F,2019,0.14002439
NLD,Netherlands,F,2020,0.14186186
NLD,Netherlands,F,2021,0.2254162
IRL,Ireland,F,2015,0.18989161
IRL,Ireland,F,2016,0.40112129
IRL,Ireland,F,2017,0.21053386
IRL,Ireland,F,2018,0.21513975
IRL,Ireland,F,2019,0.21140495
IRL,Ireland,F,2020,0.22555688
IRL,Ireland,F,2021,0.2308619
LVA,Latvia,F,2000,64.940361
LVA,Latvia,F,2001,61.673046
LVA,Latvia,F,2002,63.907536
LVA,Latvia,F,2003,65.213768
LVA,Latvia,F,2004,63.711132
LVA,Latvia,F,2005,63.487476
LVA,Latvia,F,2006,62.393303
LVA,Latvia,F,2007,61.287697
LVA,Latvia,F,2008,58.426247
LVA,Latvia,F,2009,58.026802
LVA,Latvia,F,2010,58.977253
LVA,Latvia,F,2011,56.945705
LVA,Latvia,F,2012,55.831779
LVA,Latvia,F,2013,54.25769
LVA,Latvia,F,2014,42.62001
LVA,Latvia,F,2015,42.680737
LVA,Latvia,F,2016,41.650555
LVA,Latvia,F,2017,40.003338
LVA,Latvia,F,2018,38.290051
LVA,Latvia,F,2019,33.983337
LVA,Latvia,F,2020,31.758408
LVA,Latvia,F,2021,30.911861
AUS,Australia,F,2000,
AUS,Australia,F,2001,
AUS,Australia,F,2002,
AUS,Australia,F,2003,
AUS,Australia,F,2004,
AUS,Australia,F,2005,
AUS,Australia,F,2006,
AUS,Australia,F,2007,
AUS,Australia,F,2008,
AUS,Australia,F,2009,
AUS,Australia,F,2010,
AUS,Australia,F,2011,
AUS,Australia,F,2012,
AUS,Australia,F,2013,
AUS,Australia,F,2014,24.751804
AUS,Australia,F,2015,24.709373
AUS,Australia,F,2016,25.807022
AUS,Australia,F,2017,24.782259
AUS,Australia,F,2018,24.9305
AUS,Australia,F,2019,25.356028
AUS,Australia,F,2020,23.791008
AUS,Australia,F,2021,23.949919
BEL,Belgium,F,2014,0.27834368
BEL,Belgium,F,2015,0.28866157
BEL,Belgium,F,2016,0.28430682
BEL,Belgium,F,2017,0.23063909
BEL,Belgium,F,2018,0.23309427
BEL,Belgium,F,2019,0.23073483
BEL,Belgium,F,2020,0.23376538
BEL,Belgium,F,2021,0.24539816
SWE,Sweden,F,2014,0.15797234
SWE,Sweden,F,2015,0.16166502
SWE,Sweden,F,2016,0.16420893
SWE,Sweden,F,2017,0.16268732
SWE,Sweden,F,2018,0.19127144
SWE,Sweden,F,2019,0.23447119
SWE,Sweden,F,2020,0.21714607
SWE,Sweden,F,2021,0.24865316
GRC,Greece,F,2000,0.1485315
GRC,Greece,F,2001,0.15142475
GRC,Greece,F,2002,0.15715189
GRC,Greece,F,2003,0.16189265
GRC,Greece,F,2004,0.15368688
GRC,Greece,F,2005,0.15671879
GRC,Greece,F,2006,0.16002823
GRC,Greece,F,2007,0.16307518
GRC,Greece,F,2008,0.16352181
GRC,Greece,F,2009,0.16125754
GRC,Greece,F,2010,0.1596106
GRC,Greece,F,2011,0.1697529
GRC,Greece,F,2012,0.18162984
GRC,Greece,F,2013,0.18207632
GRC,Greece,F,2014,0.18479267
GRC,Greece,F,2015,0.18735203
GRC,Greece,F,2016,0.18001427
GRC,Greece,F,2017,0.1815559
GRC,Greece,F,2018,0.18554758
GRC,Greece,F,2019,0.19447197
GRC,Greece,F,2020,0.20806511
GRC,Greece,F,2021,0.22542079
COL,Colombia,F,2000,
COL,Colombia,F,2001,
COL,Colombia,F,2002,
COL,Colombia,F,2003,
COL,Colombia,F,2004,
COL,Colombia,F,2005,
COL,Colombia,F,2006,
COL,Colombia,F,2007,
COL,Colombia,F,2008,
COL,Colombia,F,2009,
COL,Colombia,F,2010,25.775238
COL,Colombia,F,2011,26.335463
COL,Colombia,F,2012,26.462547
COL,Colombia,F,2013,26.859606
COL,Colombia,F,2014,27.113993
COL,Colombia,F,2015,28.193726
COL,Colombia,F,2016,29.766243
COL,Colombia,F,2017,31.031868
COL,Colombia,F,2018,31.451778
COL,Colombia,F,2019,32.662422
COL,Colombia,F,2020,33.668221
COL,Colombia,F,2021,33.692673
ZAF,South Africa,F,2010,34.792088
ZAF,South Africa,F,2011,35.892372
ZAF,South Africa,F,2012,31.033089
ZAF,South Africa,F,2013,26.144051
ZAF,South Africa,F,2014,27.147659
ZAF,South Africa,F,2015,27.466667
ZAF,South Africa,F,2016,27.295212
ZAF,South Africa,F,2017,27.979998
ZAF,South Africa,F,2018,28.529285
ZAF,South Africa,F,2019,28.988367
ZAF,South Africa,F,2020,30.847193
CHE,Switzerland,F,2000,
CHE,Switzerland,F,2001,
CHE,Switzerland,F,2002,
CHE,Switzerland,F,2003,
CHE,Switzerland,F,2004,
CHE,Switzerland,F,2005,
CHE,Switzerland,F,2006,
CHE,Switzerland,F,2007,
CHE,Switzerland,F,2008,
CHE,Switzerland,F,2009,
CHE,Switzerland,F,2010,
CHE,Switzerland,F,2011,
CHE,Switzerland,F,2012,
CHE,Switzerland,F,2013,
CHE,Switzerland,F,2014,52.373722
CHE,Switzerland,F,2015,50.563492
CHE,Switzerland,F,2016,49.38319
CHE,Switzerland,F,2017,48.455978
CHE,Switzerland,F,2018,47.630314
CHE,Switzerland,F,2019,47.407063
CHE,Switzerland,F,2020,46.167675
CHE,Switzerland,F,2021,44.29932
ARG,Argentina,F,2000,
ARG,Argentina,F,2001,
ARG,Argentina,F,2002,
ARG,Argentina,F,2003,
ARG,Argentina,F,2004,31.980049
ARG,Argentina,F,2005,32.41021
ARG,Argentina,F,2006,33.035492
ARG,Argentina,F,2007,
ARG,Argentina,F,2008,34.880924
ARG,Argentina,F,2009,34.826637
ARG,Argentina,F,2010,35.633228
ARG,Argentina,F,2011,36.260303
ARG,Argentina,F,2012,36.912628
ARG,Argentina,F,2013,37.237389
ARG,Argentina,F,2014,37.1861
ARG,Argentina,F,2015,
ARG,Argentina,F,2016,
ARG,Argentina,F,2017,39.937328
ARG,Argentina,F,2018,40.85574
ARG,Argentina,F,2019,40.898529
ARG,Argentina,F,2020,40.020096
ARG,Argentina,F,2021,41.15807
HUN,Hungary,F,2000,
HUN,Hungary,F,2001,
HUN,Hungary,F,2002,
HUN,Hungary,F,2003,
HUN,Hungary,F,2004,
HUN,Hungary,F,2005,
HUN,Hungary,F,2006,
HUN,Hungary,F,2007,
HUN,Hungary,F,2008,
HUN,Hungary,F,2009,
HUN,Hungary,F,2010,
HUN,Hungary,F,2011,
HUN,Hungary,F,2012,
HUN,Hungary,F,2013,
HUN,Hungary,F,2014,46.832138
HUN,Hungary,F,2015,47.027744
HUN,Hungary,F,2016,47.220184
HUN,Hungary,F,2017,47.237019
HUN,Hungary,F,2018,46.994461
HUN,Hungary,F,2019,46.667683
HUN,Hungary,F,2020,46.063244
HUN,Hungary,F,2021,45.605213
SVN,Slovenia,F,2000,
SVN,Slovenia,F,2002,
SVN,Slovenia,F,2003,
SVN,Slovenia,F,2004,
SVN,Slovenia,F,2005,
SVN,Slovenia,F,2006,
SVN,Slovenia,F,2007,
SVN,Slovenia,F,2008,
SVN,Slovenia,F,2009,
SVN,Slovenia,F,2010,
SVN,Slovenia,F,2011,
SVN,Slovenia,F,2012,
SVN,Slovenia,F,2013,
SVN,Slovenia,F,2014,50.168236
SVN,Slovenia,F,2015,48.84737
SVN,Slovenia,F,2016,48.438099
SVN,Slovenia,F,2017,47.523338
SVN,Slovenia,F,2018,48.547001
SVN,Slovenia,F,2019,48.078552
SVN,Slovenia,F,2020,46.343037
SVN,Slovenia,F,2021,43.157013
IDN,Indonesia,F,2000,
IDN,Indonesia,F,2001,
IDN,Indonesia,F,2002,
IDN,Indonesia,F,2003,
IDN,Indonesia,F,2004,11.773955
IDN,Indonesia,F,2005,15.00911
IDN,Indonesia,F,2006,16.576967
IDN,Indonesia,F,2007,16.69187
IDN,Indonesia,F,2008,12.086156
IDN,Indonesia,F,2009,18.070333
IDN,Indonesia,F,2010,19.258108
IDN,Indonesia,F,2011,19.334007
IDN,Indonesia,F,2012,19.362526
IDN,Indonesia,F,2013,19.966633
IDN,Indonesia,F,2014,20.198721
IDN,Indonesia,F,2015,21.148863
IDN,Indonesia,F,2016,22.099981
IDN,Indonesia,F,2017,22.564512
IDN,Indonesia,F,2018,23.008398
IDN,Indonesia,F,2019,23.978794
IDN,Indonesia,F,2020,24.943621
IDN,Indonesia,F,2021,25.993307
GBR,United Kingdom,F,2014,0.22613186
GBR,United Kingdom,F,2015,0.23044905
GBR,United Kingdom,F,2016,0.23755473
GBR,United Kingdom,F,2017,0.23798044
GBR,United Kingdom,F,2018,0.25154114
GBR,United Kingdom,F,2019,0.25244507
GBR,United Kingdom,F,2020,0.2715317
GBR,United Kingdom,F,2021,0.25097272
BEL,Belgium,F,2000,
BEL,Belgium,F,2001,
BEL,Belgium,F,2002,
BEL,Belgium,F,2003,
BEL,Belgium,F,2004,
BEL,Belgium,F,2005,
BEL,Belgium,F,2006,
BEL,Belgium,F,2007,
BEL,Belgium,F,2008,
BEL,Belgium,F,2009,
BEL,Belgium,F,2010,
BEL,Belgium,F,2011,
BEL,Belgium,F,2012,
BEL,Belgium,F,2013,
BEL,Belgium,F,2014,33.733231
BEL,Belgium,F,2015,34.493156
BEL,Belgium,F,2016,33.837036
BEL,Belgium,F,2017,32.857384
BEL,Belgium,F,2018,33.639172
BEL,Belgium,F,2019,34.238182
BEL,Belgium,F,2020,33.255493
BEL,Belgium,F,2021,31.938179
AUT,Austria,F,2000,
AUT,Austria,F,2001,
AUT,Austria,F,2002,
AUT,Austria,F,2004,
AUT,Austria,F,2005,
AUT,Austria,F,2006,
AUT,Austria,F,2007,
AUT,Austria,F,2008,
AUT,Austria,F,2009,
AUT,Austria,F,2010,
AUT,Austria,F,2011,
AUT,Austria,F,2012,
AUT,Austria,F,2013,
AUT,Austria,F,2014,47.429916
AUT,Austria,F,2015,47.566097
AUT,Austria,F,2016,46.47134
AUT,Austria,F,2017,45.83749
AUT,Austria,F,2018,46.163033
AUT,Austria,F,2019,45.36911
AUT,Austria,F,2020,45.165779
AUT,Austria,F,2021,44.54076
IRL,Ireland,F,2000,
IRL,Ireland,F,2001,
IRL,Ireland,F,2002,
IRL,Ireland,F,2003,
IRL,Ireland,F,2004,
IRL,Ireland,F,2005,
IRL,Ireland,F,2006,
IRL,Ireland,F,2007,
IRL,Ireland,F,2008,
IRL,Ireland,F,2009,
IRL,Ireland,F,2010,
IRL,Ireland,F,2011,
IRL,Ireland,F,2012,
IRL,Ireland,F,2013,
IRL,Ireland,F,2014,24.206347
IRL,Ireland,F,2015,23.615202
IRL,Ireland,F,2016,21.950846
IRL,Ireland,F,2017,21.900862
IRL,Ireland,F,2018,20.836817
IRL,Ireland,F,2019,20.644873
IRL,Ireland,F,2020,19.643383
IRL,Ireland,F,2021,17.176369
KOR,Korea,F,2000,42.427238
KOR,Korea,F,2001,42.8806
KOR,Korea,F,2002,43.319469
KOR,Korea,F,2003,43.217739
KOR,Korea,F,2004,43.565762
KOR,Korea,F,2005,43.620491
KOR,Korea,F,2006,43.611935
KOR,Korea,F,2007,43.392387
KOR,Korea,F,2008,42.670452
KOR,Korea,F,2009,42.266373
KOR,Korea,F,2010,41.722027
KOR,Korea,F,2011,41.285046
KOR,Korea,F,2012,40.755405
KOR,Korea,F,2013,40.704407
KOR,Korea,F,2014,40.71471
KOR,Korea,F,2015,40.831745
KOR,Korea,F,2016,40.778442
KOR,Korea,F,2017,40.374645
KOR,Korea,F,2018,39.378452
KOR,Korea,F,2019,38.693756
KOR,Korea,F,2020,38.540112
KOR,Korea,F,2021,38.612267
BGR,Bulgaria,F,2015,48.535961
BGR,Bulgaria,F,2015,0.27214158
ROU,Romania,F,2015,45.480263
ROU,Romania,F,2021,49.244854
ROU,Romania,F,2015,0.18932617
ROU,Romania,F,2021,0.20683007
